{
    "root_group": {
        "name": "",
        "path": "",
        "id": "d41d8cd98f00b204e9800998ecf8427e",
        "groups": {},
        "checks": {
                "status is 200": {
                    "passes": 877,
                    "fails": 0,
                    "name": "status is 200",
                    "path": "::status is 200",
                    "id": "6210a8cd14cd70477eba5c5e4cb3fb5f"
                },
                "has files array": {
                    "name": "has files array",
                    "path": "::has files array",
                    "id": "a2f362341f2267a8fa95632864c2cb3f",
                    "passes": 877,
                    "fails": 0
                }
            }
    },
    "metrics": {
        "http_req_waiting": {
            "avg": 110.92763945267973,
            "min": 22.5465,
            "med": 74.6504,
            "max": 3095.4264,
            "p(90)": 171.60622,
            "p(95)": 246.90031999999945
        },
        "http_req_connecting": {
            "avg": 0.010627708095781074,
            "min": 0,
            "med": 0,
            "max": 1.5015,
            "p(90)": 0,
            "p(95)": 0
        },
        "errors": {
            "passes": 0,
            "fails": 877,
            "thresholds": {
                "rate<0.2": false
            },
            "value": 0
        },
        "http_req_duration{expected_response:true}": {
            "min": 22.5465,
            "med": 75.1471,
            "max": 3095.4264,
            "p(90)": 171.9483,
            "p(95)": 253.43933999999993,
            "avg": 111.11642143671621
        },
        "http_req_blocked": {
            "p(95)": 0,
            "avg": 0.03001516533637401,
            "min": 0,
            "med": 0,
            "max": 13.1272,
            "p(90)": 0
        },
        "http_req_failed": {
            "passes": 0,
            "fails": 877,
            "value": 0
        },
        "data_sent": {
            "count": 131550,
            "rate": 336.0805236610462
        },
        "iteration_duration": {
            "med": 3572.0268,
            "max": 7695.5947,
            "p(90)": 4779.91506,
            "p(95)": 4958.5333200000005,
            "avg": 3615.171058494869,
            "min": 2042.7648
        },
        "http_reqs": {
            "rate": 2.2405368244069748,
            "count": 877
        },
        "http_req_tls_handshaking": {
            "avg": 0,
            "min": 0,
            "med": 0,
            "max": 0,
            "p(90)": 0,
            "p(95)": 0
        },
        "vus": {
            "max": 15,
            "value": 1,
            "min": 1
        },
        "vus_max": {
            "value": 15,
            "min": 15,
            "max": 15
        },
        "checks": {
            "passes": 1754,
            "fails": 0,
            "value": 1
        },
        "http_req_duration": {
            "med": 75.1471,
            "max": 3095.4264,
            "p(90)": 171.9483,
            "p(95)": 253.43933999999993,
            "avg": 111.11642143671621,
            "min": 22.5465,
            "thresholds": {
                "p(95)<10000": false
            }
        },
        "torrent_additions": {
            "rate": 2.2405368244069748,
            "count": 877
        },
        "metadata_fetch_time": {
            "p(95)": 253.43933999999993,
            "avg": 111.11642143671621,
            "min": 22.5465,
            "med": 75.1471,
            "max": 3095.4264,
            "p(90)": 171.9483
        },
        "data_received": {
            "count": 479670,
            "rate": 1225.4484590231398
        },
        "iterations": {
            "rate": 2.2405368244069748,
            "count": 877
        },
        "http_req_sending": {
            "avg": 0.01974344355758267,
            "min": 0,
            "med": 0,
            "max": 8.9303,
            "p(90)": 0,
            "p(95)": 0
        },
        "http_req_receiving": {
            "p(90)": 0.61848,
            "p(95)": 0.9532999999999997,
            "avg": 0.16903854047890535,
            "min": 0,
            "med": 0,
            "max": 13.9282
        }
    }
}